ons_code,name,jurisdiction,status,pr,corpus_version,heading_family,scheme_url,other_source_urls,notes
E06000001,Hartlepool,uk-hartlepool,encoded,,2026-08-05-hartlepool-council-tax-reduction-2026-2027,B,https://www.hartlepool.gov.uk/downloads/file/1484/hbc-council-tax-reduction-scheme-202627,,
E06000002,Middlesbrough,uk-middlesbrough,encoded,,2026-08-14-middlesbrough-council-tax-reduction-2026-2027,B,https://moderngov.middlesbrough.gov.uk/documents/s41727/Council%2018-2-26%20-%20Council%20Tax%20Reduction%20Scheme%2026-27%20-%20Appendix%201%20-%20Middlesbrough%20S13A%20202627%20Scheme.pdf,https://moderngov.middlesbrough.gov.uk/documents/g10251/Printed%20minutes%2018th-Feb-2026%2019.00%20Council.pdf?T=1 https://moderngov.middlesbrough.gov.uk/documents/s41726/Council%2018-2-26%20-%202026-27%20Council%20Tax%20Reduction%20Scheme.pdf,
E06000003,Redcar and Cleveland,uk-redcar-and-cleveland,encoded,,2026-08-06-redcar-and-cleveland-council-tax-reduction-2026-2027,E,https://www.redcar-cleveland.gov.uk/sites/default/files/2026-04/Council%20Tax%20Support%20Scheme%202026-27.pdf,,
E06000004,Stockton-on-Tees,uk-stockton-on-tees,discovered-fetch-blocked,,,,https://www.stockton.gov.uk/media/8686/Draft-Council-Tax-Reduction-Scheme-2026-to-2027/pdf/Council_Tax_Reduction_Scheme_for_2026_to_2027_-_27_January_2026.pdf%3Fm%3D1769531174623,,
E06000005,Darlington,uk-darlington,encoded,,2026-08-06-darlington-council-tax-reduction-2026-2027,G,https://www.darlington.gov.uk/media/dmonknog/council-tax-support-scheme-26-27-v2.pdf,,
E06000006,Halton,uk-halton,discovered-summary-only,,,,https://councillors.halton.gov.uk/documents/s81732/Exec%20Board%202026-27%20-%20Budget%20Report%20v7.pdf,,
E06000007,Warrington,uk-warrington,encoded,,2026-07-25-warrington-council-tax-reduction-2026-2027,B,https://www.warrington.gov.uk/sites/default/files/2026-04/Warrington%20Council%20Tax%20Support%20Scheme%202026-27.pdf,,
E06000008,Blackburn with Darwen,uk-blackburn-with-darwen,browser-case,,,,,,
E06000009,Blackpool,uk-blackpool,encoded,,2026-07-25-blackpool-council-tax-reduction-2026-2027,B,https://www.blackpool.gov.uk/Residents/Council-tax/Documents/Blackpool-Council-Tax-Reduction-Scheme-policy-2026-2027-PDF-1.29MB.pdf,,
E06000010,"Kingston upon Hull, City of",uk-kingston-upon-hull-city-of,continuation-needs-linkage,,,,https://www.hull.gov.uk/downloads/file/239/council-tax-reduction-scheme-2025-to-2026,,
E06000011,East Riding of Yorkshire,uk-east-riding-of-yorkshire,encode-pr-open,308,2026-09-05-east-riding-of-yorkshire-council-tax-reduction-2026-2027,B,https://www.eastriding.gov.uk/download/council-tax-support-scheme-policy-for-working-age-people/,,open PR subtracts non-dependant deductions after the band rate; para 36.1 puts them inside the maximum
E06000012,North East Lincolnshire,uk-north-east-lincolnshire,encoded,,2026-07-25-north-east-lincolnshire-council-tax-reduction-2026-2027,B,https://www.nelincs.gov.uk/assets/uploads/2026/04/20260421-NEL-CTR-S13A-202627-Scheme-FINAL-1.pdf,,
E06000013,North Lincolnshire,uk-north-lincolnshire,encoded,,2026-07-25-north-lincolnshire-council-tax-reduction-2026-2027,B,https://www.northlincs.gov.uk/wp-content/uploads/2026/04/20260421-NL-CTR-S13A-202627-Scheme-FINAL.pdf,,
E06000014,York,uk-york,browser-case,,,,,,
E06000015,Derby,uk-derby,encoded,,2026-07-21-derby-council-tax-reduction-2026-2027,short-doc,https://www.derby.gov.uk/media/derbycitycouncil/contentassets/documents/adviceandbenefits/counciltax/council-tax-support-scheme2026-27.pdf,,
E06000016,Leicester,uk-leicester,amendment-needs-values,,,,https://www.leicester.gov.uk/sites/default/files/2026-02/Council%20tax%20support%20scheme%202025.pdf,,located scheme text is the 2025/26 scheme; the 25 Feb 2026 Council minutes approve uprated thresholds (Appendix 7) that are not yet captured
E06000017,Rutland,uk-rutland,discovered-prior-year,,,,https://www.rutland.gov.uk/sites/default/files/2026-06/Rutland%20CTR%20Scheme%202026-27.pdf,,"document is headed 2026-2027 and approved 26 Feb 2026, but para 2 says it covers 1 April 2025 to 31 March 2026; resolve the year before ingest"
E06000018,Nottingham,uk-nottingham,ingested,,2026-09-05-nottingham-council-tax-reduction-2026-2027,n/a (docx),https://www.nottinghamcity.gov.uk/media/zpnf3yid/ncc-council-tax-support-scheme-2026-27.docx,,
E06000019,"Herefordshire, County of",uk-herefordshire,encoded,,2026-08-10-herefordshire-council-tax-reduction-2026-2027,B,https://www.herefordshire.gov.uk/media/msihtjo2/council_tax_reduction_scheme.pdf,https://councillors.herefordshire.gov.uk/documents/g9726/Public%20minutes%20Friday%2013-Feb-2026%2010.00%20Council.pdf?T=11 https://councillors.herefordshire.gov.uk/documents/d11031/Printed%20decision%20202627%20Council%20Tax%20Reduction%20Scheme.pdf?T=5,"ONS name is 'Herefordshire, County of'; the jurisdiction slug is uk-herefordshire"
E06000020,Telford and Wrekin,uk-telford-and-wrekin,encoded,,2026-07-25-telford-and-wrekin-council-tax-reduction-2026-2027,B,https://www.telford.gov.uk/media/g13hejiz/council-tax-reduction-2026-2027-policy-telford-s13a-scheme-202627-final.pdf,,
E06000021,Stoke-on-Trent,uk-stoke-on-trent,browser-case,,,,https://www.stoke.gov.uk/download/downloads/id/921/local_council_tax_support_scheme.pdf,,
E06000022,Bath and North East Somerset,uk-bath-and-north-east-somerset,encoded,,2026-07-25-bath-and-north-east-somerset-council-tax-reduction-2026-2027,C,https://www.bathnes.gov.uk/sites/default/files/2026-01/Council_Tax_reduction_scheme_April_1_2026_to_March_31_2027.pdf,,
E06000023,"Bristol, City of",uk-bristol-city-of,encoded,,2026-07-19-bristol-city-of-council-tax-reduction-2026-2027,none,https://www.bristol.gov.uk/files/documents/10754-bristol-council-tax-reduction-scheme-2026/file,,
E06000024,North Somerset,uk-north-somerset,encode-pr-open,330,2026-09-05-north-somerset-council-tax-reduction-2026-2027,none,https://n-somerset.gov.uk/sites/default/files/2026-03/council%20tax%20reduction%20scheme%202026-27.pdf,,
E06000025,South Gloucestershire,uk-south-gloucestershire,browser-case,,,,https://beta.southglos.gov.uk/static/edf5960dd95611c375de976f8fa529cc/Council_tax_reduction_scheme_rules_working_age_applicants.pdf,,
E06000026,Plymouth,uk-plymouth,encoded,,2026-07-25-plymouth-council-tax-reduction-2026-2027,B,https://www.plymouth.gov.uk/sites/default/files/2026-03/Plymouth-CTR-Scheme-2026-2027.pdf,,
E06000027,Torbay,uk-torbay,encoded,,2026-07-25-torbay-council-tax-reduction-2026-2027,B,https://www.torbay.gov.uk/media/bp1no4kk/torbay-ctr-s13a-202627-scheme-final.pdf,,
E06000030,Swindon,uk-swindon,discovered-fetch-blocked,,,,https://www.swindon.gov.uk/download/downloads/id/4167/council_tax_support_scheme.pdf,,
E06000031,Peterborough,uk-peterborough,encoded,,2026-07-25-peterborough-council-tax-reduction-2026-2027,C,https://www.peterborough.gov.uk/asset-library/peterborough-council-tax-reduction-scheme-2026-27.pdf,,
E06000032,Luton,uk-luton,discovered-pension-only-needs-working-age-doc,,,,https://www.luton.gov.uk/sites/default/files/2025-11/The%20Council%20Tax%20Reduction%20Scheme%20Rules%202021%20%28pensioners%29.pdf,,the located scheme rules are the 2021 rules (working-age and pensioner versions); the registry URL is the pensioner version
E06000033,Southend-on-Sea,uk-southend-on-sea,encoded,,2026-07-25-southend-on-sea-council-tax-reduction-2026-2027,B,https://www.southend.gov.uk/downloads/file/3527/southend-on-sea-city-council-ctax-reduction-s13a-scheme,,
E06000034,Thurrock,uk-thurrock,browser-case,,,,https://www.thurrock.gov.uk/sites/default/files/assets/documents/thurrock_s13a_202526_scheme_final2.pdf,,
E06000035,Medway,uk-medway,encoded,,2026-07-25-medway-council-tax-reduction-2026-2027,B,https://democracy.medway.gov.uk/mgconvert2pdf.aspx?id=85798,,
E06000036,Bracknell Forest,uk-bracknell-forest,encode-pr-open,312,2026-09-05-bracknell-forest-council-tax-reduction-2026-2027,C,https://www.bracknell-forest.gov.uk/sites/default/files/2026-04/council-tax-support-scheme-policy-april-2026.pdf,,
E06000037,West Berkshire,uk-west-berkshire,browser-case,,,,,,
E06000038,Reading,uk-reading,encode-pr-open,332,2026-09-05-reading-council-tax-reduction-2026-2027,C,https://images.reading.gov.uk/2026/09/Reading-CTR-Scheme-202627-FINAL-2.pdf,,
E06000039,Slough,uk-slough,encoded,,2026-07-25-slough-council-tax-reduction-2026-2027,A,https://www.slough.gov.uk/downloads/file/5730/council-tax-support-scheme-2026-27,,
E06000040,Windsor and Maidenhead,uk-windsor-and-maidenhead,browser-case,,,,https://www.rbwm.gov.uk/sites/default/files/2025-07/ctax_support_reduction_scheme_policy_2025-2026.pdf,,
E06000041,Wokingham,uk-wokingham,amendment-case-ready,,,,https://www.wokingham.gov.uk/sites/wokingham/files/2026-04/WBC%20CTR%20scheme%202026%202027%20%28working%20age%29.pdf,,
E06000042,Milton Keynes,uk-milton-keynes,encoded,,2026-07-25-milton-keynes-council-tax-reduction-2026-2027,C,https://www.milton-keynes.gov.uk/file/22513/download?token=AB6NXQFF,,
E06000043,Brighton and Hove,uk-brighton-and-hove,amendment-case,,,,,,
E06000044,Portsmouth,uk-portsmouth,ingested,,2026-09-05-portsmouth-council-tax-reduction-2026-2027,B,https://www.portsmouth.gov.uk/wp-content/uploads/2026/03/Portsmouth-CTR-S13A-202627-Scheme-FINAL-accessible-aa.pdf,,
E06000045,Southampton,uk-southampton,encoded,,2026-07-21-southampton-council-tax-reduction-2026-2027,C,https://www.southampton.gov.uk/media/323f43bv/southampton-council-tax-reduction-scheme-2026-2027-11032026.pdf,,
E06000046,Isle of Wight,uk-isle-of-wight,encoded,,2026-08-14-isle-of-wight-council-tax-reduction-2026-2027,B,https://digitalservices.iow.gov.uk/documents/download/local-council-tax-support-section-13a-scheme-2026-27,,
E06000047,County Durham,uk-county-durham,encoded,,2026-08-10-county-durham-council-tax-reduction-2026-2027,H,https://www.durham.gov.uk/media/49038/Working-age-Council-Tax-Reduction-Scheme-Policy/pdf/WorkingAgeCouncilTaxReductionScheme.pdf?m=1775569895523,,
E06000049,Cheshire East,uk-cheshire-east,encoded,,2026-07-25-cheshire-east-council-tax-reduction-2026-2027,B,https://www.cheshireeast.gov.uk/pdf/benefits/cheshire-east-s13a-2026-2027.pdf,,
E06000050,Cheshire West and Chester,uk-cheshire-west-and-chester,encoded,,2026-07-25-cheshire-west-and-chester-council-tax-reduction-2026-2027,E,https://www.cheshirewestandchester.gov.uk/asset-library/council-tax-reduction-summary-2026-2027-annex-a-part-2.pdf,,
E06000051,Shropshire,uk-shropshire,ingested-unreleased,,2026-07-25-shropshire-council-tax-reduction-2026-2027,G,https://next.shropshire.gov.uk/media/pxtop5nm/ctrs-2026-2027-new.pdf,,ingested text is the 2024/25 default scheme under a 2026/27 cover; withdrawn from releases; needs the adopted 2026/27 text
E06000052,Cornwall,uk-cornwall,browser-case,,,,,,
E06000053,Isles of Scilly,uk-isles-of-scilly,encode-pr-open,327,2026-09-05-isles-of-scilly-council-tax-reduction-2026-2027,A,https://www.scilly.gov.uk/sites/default/files/document/community-safety/Isles%20of%20Scilly%20S13A%20202627%20Scheme%20Final.pdf,,open PR has the taper periodisation defect: daily 2 6/7% applied to a same-period excess (7x under-taper)
E06000054,Wiltshire,uk-wiltshire,browser-case,,,,https://www.wiltshire.gov.uk/article/8893/Council-Tax-Reduction-CTR-Overview,,
E06000055,Bedford,uk-bedford,ingested,,2026-09-05-bedford-council-tax-reduction-2026-2027,C,https://www.bedford.gov.uk/files/council-tax-reduction-scheme-2026-20271.pdf/download?inline,,15-page document that adopts the national default scheme (SI 2012/2886) as amended by its own provisions (paras 1.2 and 3.1); not a summary; encoding means applying Bedford's amendments to the default-scheme rules
E06000056,Central Bedfordshire,uk-central-bedfordshire,discovered-summary-only,,,,https://www.centralbedfordshire.gov.uk/info/53/benefits/2/council_tax_support,,
E06000057,Northumberland,uk-northumberland,encoded,,2026-07-25-northumberland-council-tax-reduction-2026-2027,A,https://www.northumberland.gov.uk/NorthumberlandCountyCouncil/media/Council-Tax/NCC%20Council%20Tax%20Support%20Scheme%202026_2027.pdf,,
E06000058,"Bournemouth, Christchurch and Poole",uk-bournemouth-christchurch-and-poole,encode-pr-open,311,2026-09-05-bournemouth-christchurch-and-poole-council-tax-reduction-2026-2027,B,https://www.bcpcouncil.gov.uk/Assets/Benefits-support-and-advice/Council-Tax-Support/Council-Tax-Reduction-Support-Scheme.pdf,,open PR has the taper periodisation defect: daily 2 6/7% applied to a same-period excess (7x under-taper)
E06000059,Dorset,uk-dorset,browser-case,,,,https://www.dorsetcouncil.gov.uk/w/council-tax-reduction-scheme-2025-to-2026,,
E06000060,Buckinghamshire,uk-buckinghamshire,browser-case,,,,https://www.buckinghamshire.gov.uk/documents/30929/Council_Tax_Reduction_Scheme_2024_to_2025.pdf,,
E06000061,North Northamptonshire,uk-north-northamptonshire,browser-case,,,,https://northnorthants.moderngov.co.uk/documents/s34359/Local%20Council%20Tax%20Support%20Scheme%202026-27.pdf,,
E06000062,West Northamptonshire,uk-west-northamptonshire,encode-pr-open,340,2026-09-05-west-northamptonshire-council-tax-reduction-2026-2027,C,https://cms.westnorthants.gov.uk/media/2065/download,,open PR has the taper periodisation defect: daily 2 6/7% applied to a same-period excess (7x under-taper)
E06000063,Cumberland,uk-cumberland,encode-pr-open,318,2026-09-05-cumberland-council-tax-reduction-2026-2027,A,https://www.cumberland.gov.uk/sites/default/files/2026-04/cumberland_council_final_council_tax_reduction_ctr_scheme_for_2026_to_2027.pdf,,open PR has the taper periodisation defect: daily 2 6/7% applied to a same-period excess (7x under-taper)
E06000064,Westmorland and Furness,uk-westmorland-and-furness,encode-pr-open,341,2026-09-05-westmorland-and-furness-council-tax-reduction-2026-2027,D,https://www.westmorlandandfurness.gov.uk/sites/default/files/2026-03/Westmorland%20&%20Furness%20Council%20%20CTR%20Scheme%20202627%20(accessible%20March%202026).pdf,,open PR has the taper periodisation defect: daily 2 6/7% applied to a same-period excess (7x under-taper)
E06000065,North Yorkshire,uk-north-yorkshire,encoded,,2026-07-25-north-yorkshire-council-tax-reduction-2026-2027,B,https://edemocracy.northyorks.gov.uk/documents/s62525/Rev%20Budget%20and%20MTFS%20-%20Appendix%20M.pdf,,
E06000066,Somerset,uk-somerset,browser-case,,,,https://somersetcc.sharepoint.com/%3Ab%3A/s/SCCPublic/IQCPVvARg0CdRIsRTztwP8YrAaIA27LwP7Fv2pVhyC2lsMc?e=Vpuvgn,,
E07000008,Cambridge,uk-cambridge,encoded,,2026-08-05-cambridge-council-tax-reduction-2026-2027,C,https://www.cambridge.gov.uk/media/5olhzv3k/council-tax-reduction-scheme-working-age.pdf,https://democracy.cambridge.gov.uk/documents/g4628/Printed%20minutes%2026th-Feb-2026%2018.00%20Council.pdf?T=1 https://democracy.cambridge.gov.uk/documents/s72268/260226%20Council%20Decisions.pdf,
E07000009,East Cambridgeshire,uk-east-cambridgeshire,ingested,,2026-09-05-east-cambridgeshire-council-tax-reduction-2026-2027,C,https://www.angliarevenues.gov.uk/services/counciltax/reductions/what-is-ctax-reduction/upload/East-Cambs-CTRS-26-27.pdf,,
E07000010,Fenland,uk-fenland,encode-pr-open,323,2026-09-05-fenland-council-tax-reduction-2026-2027,A,https://www.angliarevenues.gov.uk/services/counciltax/reductions/what-is-ctax-reduction/upload/Fenland-CTRS-26-27.pdf,,
E07000011,Huntingdonshire,uk-huntingdonshire,discovered-summary-only,,,,https://www.huntingdonshire.gov.uk/benefits/council-tax-support/council-tax-support-scheme-for-working-age-taxpayers/,,
E07000012,South Cambridgeshire,uk-south-cambridgeshire,rendition-case,,,,https://www.scambs.gov.uk/media/gbsfmgvy/south-cambs-s13a-202627-final-1.pdf,,the 2026/27 scheme PDF has no text layer (image-only); needs OCR or another rendition
E07000032,Amber Valley,uk-amber-valley,ingested,,2026-09-05-amber-valley-council-tax-reduction-2026-2027,C,https://www.ambervalley.gov.uk/media/2182/avbc-cts-scheme-2026-2027.pdf,https://info.ambervalley.gov.uk/WebServices/AVBCFeeds/DemocracyJSON.asmx/StreamCommitteeDoc?docId=22309&uniqueToken=&authUserName=&committeeRef=CNL,two documents: the 2026/27 scheme text and the Full Council adoption record
E07000033,Bolsover,uk-bolsover,browser-case,,,,https://www.bolsover.gov.uk/documents/15302-council-tax-support-regulations-2025-2026/download,,
E07000034,Chesterfield,uk-chesterfield,browser-case,,,,https://chesterfield.moderngov.co.uk/documents/s55657/202627%20MTFP%20report%20GF.pdf,,
E07000035,Derbyshire Dales,uk-derbyshire-dales,browser-case,,,,https://www.derbyshiredales.gov.uk/documents/council-tax-reduction-scheme/viewdocument/3586,,
E07000036,Erewash,uk-erewash,browser-case,,,,https://www.erewash.gov.uk/sites/default/files/2026-01/Revenue%20Budget%202627%20for%20consultation.pdf,,
E07000037,High Peak,uk-high-peak,discovered-summary-only,,,,https://www.highpeak.gov.uk/article/7514/Working-age-income-banded-scheme,,
E07000038,North East Derbyshire,uk-north-east-derbyshire,discovered-summary-only,,,,https://www.ne-derbyshire.gov.uk/council-tax/council-tax-2026-2027,,
E07000039,South Derbyshire,uk-south-derbyshire,encoded,,2026-08-02-south-derbyshire-council-tax-reduction-2026-2027,none,https://www.southderbyshire.gov.uk/assets/attach/15700/South-Derbyshire-CTR-scheme-2026-2027.pdf,,
E07000040,East Devon,uk-east-devon,browser-case,,,,https://democracy.eastdevon.gov.uk/documents/s29701/Council%20Tax%20Reduction%20Scheme%202026-27.pdf,,
E07000041,Exeter,uk-exeter,browser-case,,,,https://committees.exeter.gov.uk/documents/s32239/Exeter%20S13A%20Scheme%202014%20v1.1.pdf,,
E07000042,Mid Devon,uk-mid-devon,browser-case,,,,https://www.middevon.gov.uk/media/1120/council-tax-reduction-scheme.pdf,,
E07000043,North Devon,uk-north-devon,browser-case,,,,https://www.northdevon.gov.uk/sites/default/files/2024-05/North%20Devon%20S13A%20202425%20%20Scheme%20FINAL.pdf,,
E07000044,South Hams,uk-south-hams,continuation-ready,,,,https://www.southhams.gov.uk/sites/default/files/2025-03/South%20Hams%20Council%20Tax%20Reduction%20Scheme%20Policy%202025-26_0.pdf,,
E07000045,Teignbridge,uk-teignbridge,browser-case,,,,https://democracy.teignbridge.gov.uk/documents/s24028/Council%20Tax%20Reduction%20Scheme%20Report%202026%202027.pdf,,
E07000046,Torridge,uk-torridge,browser-case,,,,https://www.torridge.gov.uk/article/19999/Council-Tax-Support,,
E07000047,West Devon,uk-west-devon,continuation-ready,,,,https://democracy.swdevon.gov.uk/documents/s34957/Council%20Tax%20Reduction%20Scheme%20and%20Council%20Tax%20Discounts%20and%20Premiums%20202627.pdf,,
E07000061,Eastbourne,uk-eastbourne,browser-case,,,,https://www.lewes-eastbourne.gov.uk/article/4864/Council-extends-vital-council-tax-relief-into-2026-27,,
E07000062,Hastings,uk-hastings,encoded,,2026-08-02-hastings-council-tax-reduction-2026-2027,B,https://www.hastings.gov.uk/content/council-tax/Hastings_Council_Tax_Reduction_Scheme.pdf,,
E07000063,Lewes,uk-lewes,browser-case,,,,https://democracy.lewes-eastbourne.gov.uk/documents/s38646/Appendix+6+-+Referral+from+December+Cabinet+-+Local+Council+Tax+Reduction+Scheme.pdf,,
E07000064,Rother,uk-rother,encode-pr-open,335,2026-09-05-rother-council-tax-reduction-2026-2027,B,https://rdcpublic.blob.core.windows.net/website-uploads/2026/07/Rother-Council-Tax-Reduction-Scheme-2026-27.pdf,,ingested text is headed 'Draft Council Tax Reduction Scheme 2026'; open PR encodes only the maximum award (100% of eligible liability)
E07000065,Wealden,uk-wealden,encode-pr-open,339,2026-09-05-wealden-council-tax-reduction-2026-2027,B,https://council.wealden.gov.uk/documents/s95083/Appendix%20A%20-%20Scheme%20Document.pdf,,
E07000066,Basildon,uk-basildon,browser-case,,,,,,
E07000067,Braintree,uk-braintree,ingested,,2026-08-05-braintree-council-tax-reduction-2026-2027,B,https://www.braintree.gov.uk/downloads/file/4374/council-tax-reduction-scheme-2026-27,,the Schedule 1 banded discount grid (p.58) is an image and is missing from the extracted text
E07000068,Brentwood,uk-brentwood,encoded,,2026-08-02-brentwood-council-tax-reduction-2026-2027,B,https://www.brentwood.gov.uk/sites/default/files/2026-03/Council%20Tax%20reduction%20scheme%20S13A%202026-27%20FINAL.pdf,,
E07000069,Castle Point,uk-castle-point,encoded,,2026-08-02-castle-point-council-tax-reduction-2026-2027,B,https://www.castlepoint.gov.uk/documents/d/guest/castle-point-ctr-s13a-scheme-2026-final,,
E07000070,Chelmsford,uk-chelmsford,ingested,,2026-09-05-chelmsford-council-tax-reduction-2026-2027,B,https://www.chelmsford.gov.uk/media/kmml3jha/chelmsford-s13a-scheme-202526.pdf?alId=1227933,https://www.chelmsford.gov.uk/media/qlwak54o/031225.pdf,scheme text is the 2025/26 document; the Council minute adopts it for 2026/27
E07000071,Colchester,uk-colchester,browser-case,,,,,,
E07000072,Epping Forest,uk-epping-forest,browser-case,,,,https://www.eppingforestdc.gov.uk/app/uploads/2025/07/Epping-Forest-CTR-S13A-202526-Scheme-FINAL.pdf,,
E07000073,Harlow,uk-harlow,encoded,,2026-08-02-harlow-council-tax-reduction-2026-2027,B,https://www.harlow.gov.uk/sites/default/files/documents/Council%20Tax%20Support%20scheme%202026%20to%202027.pdf,,
E07000074,Maldon,uk-maldon,encoded,,2026-08-02-maldon-council-tax-reduction-2026-2027,B,https://www.maldon.gov.uk/download/downloads/id/20197/council_tax_support_scheme_2026_-_27.pdf,,
E07000075,Rochford,uk-rochford,encoded,,2026-08-08-rochford-council-tax-reduction-2026-2027,B,https://rochford.moderngov.co.uk/documents/s4736/Appendix%20A%20Local%20Council%20Tax%20Support%20Scheme%20202627.pdf,,
E07000076,Tendring,uk-tendring,discovered-fetch-blocked,,,,https://www.tendringdc.gov.uk/content/local-council-tax-support,,
E07000077,Uttlesford,uk-uttlesford,browser-case,,,,https://uttlesford.moderngov.co.uk/documents/s40883/LCTS%20Scheme%20Proposals%202026.27%20report.pdf,,
E07000078,Cheltenham,uk-cheltenham,discovered-fetch-blocked,,,,https://democracy.cheltenham.gov.uk/ieIssueDetails.aspx?IId=31495&Opt=3,,
E07000079,Cotswold,uk-cotswold,encoded,,2026-08-02-cotswold-council-tax-reduction-2026-2027,B,https://cotswold.gov.uk/media/k04l1hc2/cdc-cts-scheme-2026-27.pdf,,
E07000080,Forest of Dean,uk-forest-of-dean,encoded,,2026-08-02-forest-of-dean-council-tax-reduction-2026-2027,B,https://www.fdean.gov.uk/media/r4ff2lok/council-tax-support-scheme-for-working-age-customers-2026-to-2027.pdf,,
E07000081,Gloucester,uk-gloucester,encoded,,2026-08-02-gloucester-council-tax-reduction-2026-2027,C,https://www.gloucester.gov.uk/media/ruwinppa/local-council-tax-support-policy-2026-v2.pdf,,
E07000082,Stroud,uk-stroud,browser-case,,,,https://www.stroud.gov.uk/media/oykng23l/appendix-a-summary-of-council-tax-support-scheme-202627.pdf,,
E07000083,Tewkesbury,uk-tewkesbury,browser-case,,,,https://minutes.tewkesbury.gov.uk/ieDocHome.aspx?bcr=1,,
E07000084,Basingstoke and Deane,uk-basingstoke-and-deane,discovered-fetch-blocked,,,,https://www.basingstoke.gov.uk/content/page/77332/Basingstoke%20S13A%202026%20Scheme%20Final.pdf,,
E07000085,East Hampshire,uk-east-hampshire,encoded,,2026-08-02-east-hampshire-council-tax-reduction-2026-2027,A,https://www.easthants.gov.uk/sites/default/files/2026-03/Council%20tax%20support%20scheme%202026-27.pdf,,
E07000086,Eastleigh,uk-eastleigh,encode-pr-open,320,2026-09-05-eastleigh-council-tax-reduction-2026-2027,B,https://www.eastleigh.gov.uk/media/16458/eastleigh-s13a-scheme-202627-final.pdf,,
E07000087,Fareham,uk-fareham,encode-pr-open,322,2026-09-05-fareham-council-tax-reduction-2026-2027,A,https://www.fareham.gov.uk/pdf/counciltax/FarehamCTRS13A202627WorkingAgeSchemeFINAL.pdf,,
E07000088,Gosport,uk-gosport,discovered-fetch-blocked,,,,https://gosport.moderngov.co.uk/ieListDocuments.aspx?CId=133&MId=517,,
E07000089,Hart,uk-hart,encode-pr-open,326,2026-09-05-hart-council-tax-reduction-2026-2027,C,https://www.hart.gov.uk/sites/default/files/2026-04/Council-Tax-Reduction-Scheme-2026-27.pdf,,open PR has the taper periodisation defect: daily 2 6/7% applied to a same-period excess (7x under-taper)
E07000090,Havant,uk-havant,encoded,,2026-08-02-havant-council-tax-reduction-2026-2027,A,https://www.havant.gov.uk/sites/default/files/2026-03/Havant%20S13A%20202627%20Council%20Tax%20Support%20Scheme%20Final.pdf,,
E07000091,New Forest,uk-new-forest,continuation-ready,,,,https://democracy.newforest.gov.uk/documents/s35071/Report - Council Tax Support Scheme.pdf,,
E07000092,Rushmoor,uk-rushmoor,encode-pr-open,336,2026-09-05-rushmoor-council-tax-reduction-2026-2027,B,https://www.rushmoor.gov.uk/media/qvmlpekv/rushmoor-s13a-scheme-202627-final.pdf,,open PR has the taper periodisation defect: daily 2 6/7% applied to a same-period excess (7x under-taper)
E07000093,Test Valley,uk-test-valley,discovered-fetch-blocked,,,,https://testvalley.moderngov.co.uk/ieListDocuments.aspx?CId=136&MId=4014,,
E07000094,Winchester,uk-winchester,encoded,,2026-08-02-winchester-council-tax-reduction-2026-2027,B,https://www.winchester.gov.uk/assets/attach/46793/Winchester-S13A-202627-Scheme.pdf,,
E07000095,Broxbourne,uk-broxbourne,encoded,,2026-08-02-broxbourne-council-tax-reduction-2026-2027,B,https://www.broxbourne.gov.uk/downloads/file/4383/broxbourne-s13a-scheme-2026-27-final,,
E07000096,Dacorum,uk-dacorum,browser-case,,,,https://www.dacorum.gov.uk/docs/default-source/benefits/dacorum-borough-council---council-tax-support-scheme-2026.pdf?sfvrsn=1391109e_4,,
E07000098,Hertsmere,uk-hertsmere,encoded,,2026-08-02-hertsmere-council-tax-reduction-2026-2027,A,https://www.hertsmere.gov.uk/asset-library/cts-scheme-2026-27.pdf,,
E07000099,North Hertfordshire,uk-north-hertfordshire,encoded,,2026-08-02-north-hertfordshire-council-tax-reduction-2026-2027,B,https://www.north-herts.gov.uk/sites/default/files/2026-03/North%20Herts%20S13A%20202627%20Scheme%20FINAL.pdf,,
E07000102,Three Rivers,uk-three-rivers,continuation-ready,,,,https://cdn.threerivers.gov.uk/files/2026/04/266e4c40-3fb1-11f1-8e7c-5107025fc657-CTR%20Income%20bands%20for%202024-2026.pdf?v=2026-04-24T07:42:31.481Z,,
E07000103,Watford,uk-watford,browser-case,,,,https://www.watford.gov.uk/ctsupportscheme,,
E07000105,Ashford,uk-ashford,encoded,,2026-08-02-ashford-council-tax-reduction-2026-2027,B,https://www.ashford.gov.uk/media/0n4nud13/ashford-ctr-scheme-2026-final.pdf,,
E07000106,Canterbury,uk-canterbury,ingested,,2026-09-05-canterbury-council-tax-reduction-2026-2027,B,https://www.canterbury.gov.uk/sites/default/files/2026-05/Council%20tax%20support%20scheme%20for%20working%20age%20people_0.pdf,,
E07000107,Dartford,uk-dartford,encoded,,2026-08-02-dartford-council-tax-reduction-2026-2027,B,https://www.dartford.gov.uk/downloads/file/2814/local-council-tax-reduction-scheme-dbc-2026-2027,,
E07000108,Dover,uk-dover,encoded,,2026-08-02-dover-council-tax-reduction-2026-2027,B,https://www.dover.gov.uk/asset-library/dover-working-age-ctr-scheme.pdf,,
E07000109,Gravesham,uk-gravesham,encode-pr-open,325,2026-09-05-gravesham-council-tax-reduction-2026-2027,B,https://www.gravesham.gov.uk/downloads/file/345/council-tax-reduction-scheme-regulations-,,
E07000110,Maidstone,uk-maidstone,amendment-case-ready,,,,https://docs.maidstone.gov.uk/council-tax/Maidstone-S13A-Scheme-202425.pdf,,
E07000111,Sevenoaks,uk-sevenoaks,browser-case,,,,https://www.sevenoaks.gov.uk/download/downloads/id/4248/council_tax_support_local_scheme_202526.pdf,,
E07000112,Folkestone and Hythe,uk-folkestone-and-hythe,encoded,,2026-08-02-folkestone-and-hythe-council-tax-reduction-2026-2027,B,https://www.folkestone-hythe.gov.uk/downloads/file/6369/folkestone-hythe-council-tax-reduction-scheme-2026,,
E07000113,Swale,uk-swale,discovered-fetch-blocked,,,,https://swale.gov.uk/__data/assets/pdf_file/0009/486936/Swale-S13A-202627-Scheme-FINAL.pdf,,
E07000114,Thanet,uk-thanet,encode-pr-open,338,2026-09-05-thanet-council-tax-reduction-2026-2027,B,https://www.thanet.gov.uk/wp-content/uploads/2026/05/Thanet-Working-Age-CTR-Scheme-2026-FINAL.pdf,,
E07000115,Tonbridge and Malling,uk-tonbridge-and-malling,browser-case,,,,,,
E07000116,Tunbridge Wells,uk-tunbridge-wells,browser-case,,,,https://tunbridgewells.gov.uk/__data/assets/pdf_file/0020/470603/Tunbridge-Wells-S13A-Scheme-202425-FINAL.pdf,,
E07000117,Burnley,uk-burnley,encode-pr-open,314,2026-09-05-burnley-council-tax-reduction-2026-2027,B,https://burnley.gov.uk/wp-content/uploads/2026/03/Burnley-S13a-Scheme-2026-27.pdf,,open PR has the taper periodisation defect: daily 2 6/7% applied to a same-period excess (7x under-taper)
E07000118,Chorley,uk-chorley,encoded,,2026-08-02-chorley-council-tax-reduction-2026-2027,B,https://chorley.gov.uk/downloads/file/1771/chorley-cts-scheme-2026-2027,,
E07000119,Fylde,uk-fylde,encode-pr-open,324,2026-09-05-fylde-council-tax-reduction-2026-2027,B,https://new.fylde.gov.uk/wp-content/uploads/2025/11/Fylde-S13a-Scheme-202627-DRAFT.pdf,,open PR has the taper periodisation defect: daily 2 6/7% applied to a same-period excess (7x under-taper); source file name says DRAFT (the text does not); confirm it is the adopted scheme
E07000120,Hyndburn,uk-hyndburn,discovered-source-conflict,,,,https://www.hyndburnbc.gov.uk/download/council-tax-support/?wpdmdl=6235&ind=1775572633323&refresh=3fee8258&filename=Hyndburn-S13A-Scheme-202627-Final.pdf,,scheme says 30% working-age contribution on p.9 and 20% in s.59A.1; establish the operative figure before ingest
E07000121,Lancaster,uk-lancaster,encoded,,2026-08-02-lancaster-council-tax-reduction-2026-2027,B,https://www.lancaster.gov.uk/assets/attach/18010/Lancaster-City-Council-2026-27-Council-Tax-Support-Scheme.pdf,,
E07000122,Pendle,uk-pendle,discovered-summary-only,,,,https://www.pendle.gov.uk/download/meetings/id/31564/item_08_-_council_tax_support_and_other_policies,,
E07000123,Preston,uk-preston,discovered-fetch-blocked,,,,https://www.preston.gov.uk/counciltaxsupport,,
E07000124,Ribble Valley,uk-ribble-valley,encoded,,2026-08-02-ribble-valley-council-tax-reduction-2026-2027,B,https://www.ribblevalley.gov.uk/downloads/file/4373/council-tax-support-scheme-2026-2027,,
E07000125,Rossendale,uk-rossendale,encode-pr-open,334,2026-09-05-rossendale-council-tax-reduction-2026-2027,B,https://www.rossendale.gov.uk/downloads/file/19420/council-tax-support-scheme,,
E07000126,South Ribble,uk-south-ribble,discovered-fetch-blocked,,,,https://southribble.gov.uk/downloads/download/124/council-tax-support,,
E07000127,West Lancashire,uk-west-lancashire,discovered-fetch-blocked,,,,https://www.westlancs.gov.uk/bills-benefits/benefits/council-tax-support.aspx,,
E07000128,Wyre,uk-wyre,encoded,,2026-08-02-wyre-council-tax-reduction-2026-2027,B,https://www.wyre.gov.uk/downloads/file/1823/council-tax-reduction-scheme-policy-25-26,,
E07000129,Blaby,uk-blaby,discovered-summary-only,,,,https://www.blaby.gov.uk/media/dk4nlzu4/council-tax-support-scheme-2026-2027.pdf,,
E07000130,Charnwood,uk-charnwood,encode-pr-open,315,2026-09-05-charnwood-council-tax-reduction-2026-2027,C,https://www.charnwood.gov.uk/files/documents/council_tax_support_scheme_2026_27/Council%20Tax%20Support%20Scheme%202026-27.pdf,,open PR has the taper periodisation defect: daily 2 6/7% applied to a same-period excess (7x under-taper)
E07000131,Harborough,uk-harborough,discovered-fetch-blocked,,,,https://www.harborough.gov.uk/downloads/download/43/council_tax_support_and_housing_benefit,,
E07000132,Hinckley and Bosworth,uk-hinckley-and-bosworth,browser-case,,,,https://moderngov.hinckley-bosworth.gov.uk/,,
E07000133,Melton,uk-melton,browser-case,,,,https://www.melton.gov.uk/media/o3slcszk/council-tax-support-scheme-policy-2026-27.pdf,,
E07000134,North West Leicestershire,uk-north-west-leicestershire,encode-pr-open,331,2026-09-05-north-west-leicestershire-council-tax-reduction-2026-2027,D,https://www.nwleics.gov.uk/files/documents/nwldc_council_tax_support_scheme_regulations_202627/NWL%20LCTS%20policy%202026-27.pdf,,open PR has the taper periodisation defect: daily 2 6/7% applied to a same-period excess (7x under-taper)
E07000135,Oadby and Wigston,uk-oadby-and-wigston,browser-case,,,,https://moderngov.oadby-wigston.gov.uk/documents/s7077/LocalCouncilTaxSupportScheme.pdf,,
E07000136,Boston,uk-boston,discovered-fetch-blocked,,,,https://www.boston.gov.uk/media/28964/BBC-CTS-Scheme-2026-27/pdf/Boston_Borough_Council_CTS_Scheme_2026-27.pdf?m=1773844823037,,
E07000137,East Lindsey,uk-east-lindsey,browser-case,,,,https://www.e-lindsey.gov.uk/media/28927/ELDC-Council-Tax-Support-Scheme-2026-2027/pdf/East_Lindsey_District_Council_CTS_Scheme_2026-27_FINAL_160226.pdf?m=1773678555887,,
E07000138,Lincoln,uk-lincoln,discovered-fetch-blocked,,,,https://www.lincoln.gov.uk/downloads/download/202/council-tax-support,,
E07000139,North Kesteven,uk-north-kesteven,encoded,,2026-08-02-north-kesteven-council-tax-reduction-2026-2027,D,https://www.n-kesteven.gov.uk/sites/default/files/2026-03/Council%20Tax%20Support%20Scheme%202026-27.pdf,,
E07000140,South Holland,uk-south-holland,discovered-fetch-blocked,,,,https://www.sholland.gov.uk/media/28928/SHDC-Council-Tax-Support-Scheme-2026-2027/pdf/SHDC_Council_Tax_Support_Scheme_2026-2027.pdf?m=1773679422390,,
E07000141,South Kesteven,uk-south-kesteven,encoded,,2026-08-02-south-kesteven-council-tax-reduction-2026-2027,F,https://www.southkesteven.gov.uk/sites/default/files/2026-04/South%20Kesteven%20District%20Council%20-%20Council%20Tax%20Support%20Scheme%20Rules%20-%202026-27.pdf,,
E07000142,West Lindsey,uk-west-lindsey,ingested,,2026-09-05-west-lindsey-council-tax-reduction-2026-2027,F,https://www.west-lindsey.gov.uk/sites/default/files/2026-04/West%20Lindsey%20District%20Council%20Tax%20Support%20Reduction%20Scheme%20Regulations%202026-27.pdf,https://democracy.west-lindsey.gov.uk/documents/g3883/Printed%20minutes%2026th-Jan-2026%2019.00%20Council.pdf?T=1,two documents: the 2026/27 scheme text and the Full Council adoption record
E07000143,Breckland,uk-breckland,encode-pr-open,313,2026-09-05-breckland-council-tax-reduction-2026-2027,C,https://www.angliarevenues.gov.uk/services/counciltax/reductions/what-is-ctax-reduction/upload/Breckland-CTRS-26-27-2.pdf,,
E07000144,Broadland,uk-broadland,encoded,,2026-08-02-broadland-council-tax-reduction-2026-2027,none,https://www.southnorfolkandbroadland.gov.uk/asset-library/broadland-ctr-scheme-2026-27.pdf,,
E07000145,Great Yarmouth,uk-great-yarmouth,discovered-summary-only,,,,https://great-yarmouth.cmis.uk.com/great-yarmouth/Document.ashx?czJKcaeAi5tUFL1DTL2UE4zNRBcoShgo=4i6cXe%2fEzSsHQzw7A79J9hF%2bt10J3App0bACvlMU1WM%2b83X%2fpLu9aQ%3d%3d&rUzwRPf%2bZ3zd4E7Ikn8Lyw%3d%3d=pwRE6AGJFLDNlh225F5QMaQWCtPHwdhUfCZ%2fLUQzgA2uL5jNRG4jdQ%3d%3d&mCTIbCubSFfXsDGW9IXnlg%3d%3d=hFflUdN3100%3d&kCx1AnS9%2fpWZQ40DXFvdEw%3d%3d=hFflUdN3100%3d&uJovDxwdjMPoYv%2bAJvYtyA%3d%3d=ctNJFf55vVA%3d&FgPlIEJYlotS%2bYGoBi5olA%3d%3d=NHdURQburHA%3d&d9Qjj0ag1Pd993jsyOJqFvmyB7X0CSQK=ctNJFf55vVA%3d&WGewmoAfeNR9xqBux0r1Q8Za60lavYmz=ctNJFf55vVA%3d&WGewmoAfeNQ16B2MHuCpMRKZMwaG1PaO=ctNJFf55vVA%3d,,
E07000146,King's Lynn and West Norfolk,uk-king-s-lynn-and-west-norfolk,discovered-fetch-blocked,,,,https://www.west-norfolk.gov.uk/downloads/file/3330/council_tax_reduction_scheme_2026_to_2027,,
E07000147,North Norfolk,uk-north-norfolk,ingested,,2026-09-05-north-norfolk-council-tax-reduction-2026-2027,B,https://www.north-norfolk.gov.uk/media/12369/north-norfolk-council-tax-reduction-scheme-for-2026-to-2027.pdf,,
E07000148,Norwich,uk-norwich,discovered-fetch-blocked,,,,https://www.norwich.gov.uk/council-tax/council-tax-reduction/apply-council-tax-reduction,,
E07000149,South Norfolk,uk-south-norfolk,encoded,,2026-08-03-south-norfolk-council-tax-reduction-2026-2027,none,https://www.southnorfolkandbroadland.gov.uk/asset-library/south-norfolk-ctr-scheme-2026-27.pdf,,
E07000170,Ashfield,uk-ashfield,browser-case,,,,,,
E07000171,Bassetlaw,uk-bassetlaw,ingested,,2026-08-03-bassetlaw-council-tax-reduction-2026-2027,G,https://www.bassetlaw.gov.uk/media/4ikne3fx/council-tax-reduction-scheme-pension-age-2026-2027.pdf,,ingested document is the pension-age scheme; the working-age scheme is not ingested
E07000172,Broxtowe,uk-broxtowe,ingested,,2026-09-05-broxtowe-council-tax-reduction-2026-2027,D,https://www.broxtowe.gov.uk/media/n1hjg1kz/council-tax-support-scheme-2025-2026.pdf,https://democracy.broxtowe.gov.uk/mgAi.aspx?ID=18772,scheme text is the 2025/26 document; the Council minute keeps it in place for 2026/27
E07000173,Gedling,uk-gedling,continuation-pair-ready,,,,https://www.gedling.gov.uk/sites/default/files/2026-02/2025-26%20CTRS%20scheme%20policy%20update.pdf,,
E07000174,Mansfield,uk-mansfield,encoded,,2026-08-03-mansfield-council-tax-reduction-2026-2027,B,https://www.mansfield.gov.uk/downloads/file/7083/council-tax-reduction-scheme-policy-2026-2027,,
E07000175,Newark and Sherwood,uk-newark-and-sherwood,ingested,,2026-09-05-newark-and-sherwood-council-tax-reduction-2026-2027,D,https://www.newark-sherwooddc.gov.uk/sites/default/files/2026-04/NSDC%20CTRS%202026.pdf,,
E07000176,Rushcliffe,uk-rushcliffe,encoded,,2026-08-03-rushcliffe-council-tax-reduction-2026-2027,C,https://www.rushcliffe.gov.uk/media/srrb2cuc/council-tax-reduction-scheme-2026-27-accessibility-version-full-version-no-mark-up-new.pdf,,
E07000177,Cherwell,uk-cherwell,encode-pr-open,316,2026-09-05-cherwell-council-tax-reduction-2026-2027,C,https://www.cherwell.gov.uk/download/downloads/id/18507/council-tax-reduction-scheme-2026-2027.pdf,,open PR computes tariff income but no rule uses it
E07000178,Oxford,uk-oxford,discovered-html,,,,https://www.oxford.gov.uk/council-tax-reduction/council-tax-reduction-scheme-2026-27,,
E07000179,South Oxfordshire,uk-south-oxfordshire,encode-pr-open,337,2026-09-05-south-oxfordshire-council-tax-reduction-2026-2027,D,https://www.southandvale.gov.uk/app/uploads/sites/2/2026/04/South-Working-Age-CTR-Scheme-2026-27.pdf,,open PR has the taper periodisation defect: daily 2 6/7% applied to a same-period excess (7x under-taper)
E07000180,Vale of White Horse,uk-vale-of-white-horse,ingested,,2026-09-05-vale-of-white-horse-council-tax-reduction-2026-2027,D,https://www.southandvale.gov.uk/app/uploads/sites/3/2026/04/Vale-Working-Age-CTR-Scheme-2026-27.pdf,,
E07000181,West Oxfordshire,uk-west-oxfordshire,ingested,,2026-09-05-west-oxfordshire-council-tax-reduction-2026-2027,B,https://www.westoxon.gov.uk/media/mtelgaa2/wodc-council-tax-support-scheme-for-working-age-customers-2026-to-2027.pdf,,
E07000192,Cannock Chase,uk-cannock-chase,ingested,,2026-09-05-cannock-chase-council-tax-reduction-2026-2027,B,https://www.cannockchasedc.gov.uk/sites/default/files/document-library/Cannock%20Chase%20S13A%20Scheme%20202627%20Scheme%20FINAL.pdf,,
E07000193,East Staffordshire,uk-east-staffordshire,browser-case,,,,https://www.eaststaffsbc.gov.uk/benefits-and-support/council-tax-reduction,,
E07000194,Lichfield,uk-lichfield,ingested,,2026-09-05-lichfield-council-tax-reduction-2026-2027,B,https://www.lichfielddc.gov.uk/downloads/file/3199/local-council-tax-support-scheme-regulations-2026-2027,,
E07000195,Newcastle-under-Lyme,uk-newcastle-under-lyme,discovered-summary-only,,,,https://moderngov.newcastle-staffs.gov.uk/documents/s46172/Revenue%20and%20Capital%20Budgets%20and%20Strategies%202026-27%20FEBRUARY%202026%20-%20Council.pdf,,
E07000196,South Staffordshire,uk-south-staffordshire,discovered-prior-year,,,,https://www.sstaffs.gov.uk/sites/default/files/2026-03/south_staffordshire_cts_policy_2016.17.pdf,,the document at the registry URL is the 2016/17 policy
E07000197,Stafford,uk-stafford,ingested,,2026-09-05-stafford-council-tax-reduction-2026-2027,B,https://www.staffordbc.gov.uk/sites/default/files/cme/DocMan1/Benefits/S13A-Council-Tax-Reduction-Scheme-2026-2027.pdf,,
E07000198,Staffordshire Moorlands,uk-staffordshire-moorlands,discovered-summary-only,,,,https://www.staffsmoorlands.gov.uk/article/7515/Working-age-income-banded-scheme,,
E07000199,Tamworth,uk-tamworth,encoded,,2026-08-03-tamworth-council-tax-reduction-2026-2027,B,https://www.tamworth.gov.uk/sites/default/files/council_tax/Tamworth-S13A-202627-Scheme.pdf,,
E07000200,Babergh,uk-babergh,encoded,,2026-08-03-babergh-council-tax-reduction-2026-2027,F,https://www.babergh.gov.uk/documents/d/asset-library-54706/bdc-ctr-scheme-2026_27-v4-pdf,,encodes daily-framed '20 per cent' literally (140% weekly); uk-ipswich reads identical text as 20% of the excess; needs a ruling
E07000202,Ipswich,uk-ipswich,encoded,,2026-08-03-ipswich-council-tax-reduction-2026-2027,F,https://www.ipswich.gov.uk/sites/ipswich/files/2026-03/Council%20Tax%20Reduction%20scheme%202026_0.pdf,,encodes 20% of the excess from text identical to uk-babergh; rides on the Babergh/Ipswich ruling
E07000203,Mid Suffolk,uk-mid-suffolk,encode-pr-open,329,2026-09-05-mid-suffolk-council-tax-reduction-2026-2027,F,https://www.midsuffolk.gov.uk/documents/d/asset-library-54706/new-msdc-ctr-scheme-2026_27-v4-pdf,,"open PR encodes the daily-framed '20 per cent' literally (140% weekly), as uk-babergh does; the scheme text matches Babergh/Ipswich word for word, so it rides on that ruling; PR also adds a stray working file (.axiom/mid-suffolk-ctr-wave-11-checkpoint.txt)"
E07000207,Elmbridge,uk-elmbridge,encoded,,2026-08-03-elmbridge-council-tax-reduction-2026-2027,D,https://www.elmbridge.gov.uk/sites/default/files/2026-06/Local%20Council%20Tax%20Reduction%20Scheme.pdf,,
E07000208,Epsom and Ewell,uk-epsom-and-ewell,encode-pr-open,321,2026-09-05-epsom-and-ewell-council-tax-reduction-2026-2027,C,https://www.epsom-ewell.gov.uk/sites/default/files/documents/residents/council-tax/Epsom%20%26%20Ewell%20CTID%20Working%20Age%20Rules%202026-27.pdf,,"PR also adds a stray working file (epsom-and-ewell-ctr-wave11-checkpoint.md, at the repository root)"
E07000209,Guildford,uk-guildford,encoded,,2026-08-03-guildford-council-tax-reduction-2026-2027,D,https://www.guildford.gov.uk/media/37463/Guildford-Council-Tax-Reductions-Scheme/pdf/Guildford_CTR_Scheme_Working_Age_2026.pdf?m=1772443487983,,prints 'amount B is 20 per cent' against a daily maximum and encodes 20% of the excess; rides on the Babergh/Ipswich ruling
E07000210,Mole Valley,uk-mole-valley,discovered-summary-only,,,,https://www.molevalley.gov.uk/council-tax/council-tax-support/,,
E07000211,Reigate and Banstead,uk-reigate-and-banstead,browser-case,,,,https://www.reigate-banstead.gov.uk/downloads/file/3049/council_tax_reduction_scheme,,
E07000212,Runnymede,uk-runnymede,encoded,,2026-08-03-runnymede-council-tax-reduction-2026-2027,G,https://www.runnymede.gov.uk/downloads/file/1210/council-tax-scheme-working-age,,
E07000213,Spelthorne,uk-spelthorne,ingested,,2026-08-03-spelthorne-council-tax-reduction-2026-2027,C,https://www.spelthorne.gov.uk/sites/default/files/2026-04/The%20Council%20Tax%20Reduction%20Scheme%20Regulations%2026%2027.pdf,,
E07000214,Surrey Heath,uk-surrey-heath,amendment-case-ready,,,,https://www.surreyheath.gov.uk/sites/default/files/2025-04/Council%20Tax%20Reduction%20Scheme%20Regulations%202025-26.pdf,,
E07000215,Tandridge,uk-tandridge,browser-case,,,,https://www.tandridge.gov.uk/Portals/0/Documents/Council-tax/Council-tax-discounts/Tandridge-CTR-Scheme.pdf,,
E07000216,Waverley,uk-waverley,browser-case,,,,https://modgov.waverley.gov.uk/ieDocHome.aspx?bcr=1,,
E07000217,Woking,uk-woking,browser-case,,,,https://www.woking.gov.uk/sites/default/files/2025-03/Council%20Tax%20Support%20scheme.pdf,,
E07000218,North Warwickshire,uk-north-warwickshire,encoded,,2026-08-03-north-warwickshire-council-tax-reduction-2026-2027,B,https://www.northwarks.gov.uk/downloads/file/770/council-tax-reduction-scheme-policy,,
E07000219,Nuneaton and Bedworth,uk-nuneaton-and-bedworth,encoded,,2026-08-03-nuneaton-and-bedworth-council-tax-reduction-2026-2027,B,https://www.nuneatonandbedworth.gov.uk/downloads/file/2413/council-tax-reduction-scheme-policy-2026-27,,
E07000220,Rugby,uk-rugby,encoded,,2026-08-03-rugby-council-tax-reduction-2026-2027,B,https://www.rugby.gov.uk/documents/d/guest/rugby-council-tax-reduction-scheme-2026-2027,,
E07000221,Stratford-on-Avon,uk-stratford-on-avon,encoded,,2026-08-03-stratford-on-avon-council-tax-reduction-2026-2027,B,https://www.stratford.gov.uk/templates/server/document-relay.cfm?doc=214497&name=Stratford+S13A+Scheme+2026+27+FINAL.pdf,,
E07000222,Warwick,uk-warwick,encoded,,2026-08-03-warwick-council-tax-reduction-2026-2027,C,https://www.warwickdc.gov.uk/download/downloads/id/9440/wdc_council_tax_reduction_scheme_202627.pdf,,
E07000223,Adur,uk-adur,ingested,,2026-09-05-adur-council-tax-reduction-2026-2027,A,"https://www.adur-worthing.gov.uk/media/Media,174007,smxx.pdf",,
E07000224,Arun,uk-arun,encode-pr-open,310,2026-09-05-arun-council-tax-reduction-2026-2027,A,https://www.arun.gov.uk/download.cfm?doc=docm93jijm4n20657.pdf&ver=27819,,"band A 100% (s.23(3), p.28) vs 90% (Schedule 3 para 1, p.80); open question; Schedule 3 also carries CPI uprating (para 7) and band A passporting (para 8); the corpus download URL's file name says 2024 but the document is the 2026/27 scheme"
E07000225,Chichester,uk-chichester,discovered-fetch-blocked,,,,https://chichester.moderngov.co.uk/documents/s39557/09.1%20Appendix%201%20Local%20Council%20Tax%20Reduction%20Scheme%20Rules%202026%20-%202027.pdf,,
E07000226,Crawley,uk-crawley,encode-pr-open,317,2026-09-05-crawley-council-tax-reduction-2026-2027,B,https://www.crawley.gov.uk/sites/default/files/2026-06/Crawley%20Council%20Tax%20Reduction%20scheme%202026%20to%202027.pdf,,open PR has the taper periodisation defect: daily 2 6/7% applied to a same-period excess (7x under-taper); its module summary and deferred output name Kingston upon Thames (cross-authority residue)
E07000227,Horsham,uk-horsham,discovered-fetch-blocked,,,,https://www.horsham.gov.uk/__data/assets/pdf_file/0018/161802/HDC-CTR-Scheme-2026-27-Final.pdf,,
E07000228,Mid Sussex,uk-mid-sussex,browser-case,,,,https://www.midsussex.gov.uk/media/yprdlfjd/mid-sussex-district-council-tax-support-scheme-2026-27.pdf,,
E07000229,Worthing,uk-worthing,encoded,,2026-08-03-worthing-council-tax-reduction-2026-2027,A,https://www.adur-worthing.gov.uk/media/Media%2C174008%2Csmxx.pdf,,
E07000234,Bromsgrove,uk-bromsgrove,encoded,,2026-08-03-bromsgrove-council-tax-reduction-2026-2027,B,https://www.bromsgrove.gov.uk/media/dopfcb2g/bromsgrove-s13a-202627-scheme-final.pdf,,
E07000235,Malvern Hills,uk-malvern-hills,encode-pr-open,328,2026-09-05-malvern-hills-council-tax-reduction-2026-2027,B,https://www.malvernhills.gov.uk/component/fileman/?view=file&routed=1&itemless=1&name=Malvern%20Hills%20Council%20Tax%20Reduction%20Scheme%20202627%20FINAL.pdf&folder=Documents/Benefits%20and%20Council%20Tax/Council%20Tax/2026&container=fileman-files,,open PR has the taper periodisation defect: daily 2 6/7% applied to a same-period excess (7x under-taper)
E07000236,Redditch,uk-redditch,encode-pr-open,333,2026-09-05-redditch-council-tax-reduction-2026-2027,B,https://www.redditchbc.gov.uk/media/hfkhepjj/redditch-s13a-202627-scheme-final.pdf,,
E07000237,Worcester,uk-worcester,encode-pr-open,342,2026-09-05-worcester-council-tax-reduction-2026-2027,B,https://www.worcester.gov.uk/component/fileman/file/PDF%20Documents/Council%20Tax/council-tax-support/City%20of%20Worcester%20Council%20Tax%20Reduction%20Scheme%20202627%20FINAL.pdf?routed=1&container=fileman-files,,
E07000238,Wychavon,uk-wychavon,browser-case,,,,https://www.wychavon.gov.uk/benefits/new-benefits-claims/council-tax-support,,
E07000239,Wyre Forest,uk-wyre-forest,discovered-summary-only,,,,https://www.wyreforestdc.gov.uk/council-tax-and-benefits/council-tax/council-tax-reduction-scheme/working-age-claimants-council-tax-reduction-scheme/,,
E07000240,St Albans,uk-st-albans,browser-case,,,,https://www.stalbans.gov.uk/sites/default/files/attachments/St%20Albans%20S13A%20202425%20Final.pdf,,
E07000241,Welwyn Hatfield,uk-welwyn-hatfield,browser-case,,,,https://democracy.welhat.gov.uk/mgCommitteeDetails.aspx?ID=151,,
E07000242,East Hertfordshire,uk-east-hertfordshire,encoded,,2026-08-14-east-hertfordshire-council-tax-reduction-2026-2027,B,https://eastherts.fra1.digitaloceanspaces.com/s3fs-public/2026-04/East%20Herts%20S13a%20202627%20Scheme%20Final.pdf,https://democracy.eastherts.gov.uk/documents/g5543/Printed%20minutes%2010th-Dec-2025%2019.00%20Council.pdf?T=1 https://democracy.eastherts.gov.uk/documents/s71243/Council%20Tax%20Support%20Scheme%20202627.pdf,taper periodisation defect on main: daily 2 6/7% applied to a same-period excess (see README)
E07000243,Stevenage,uk-stevenage,encoded,,2026-08-03-stevenage-council-tax-reduction-2026-2027,B,https://www.stevenage.gov.uk/documents/council-tax/council-tax-support-scheme-2026-27.pdf,,
E07000244,East Suffolk,uk-east-suffolk,encode-pr-open,319,2026-09-05-east-suffolk-council-tax-reduction-2026-2027,A,https://www.angliarevenues.gov.uk/services/counciltax/reductions/what-is-ctax-reduction/upload/East-Suffolk-CTRS-26-27.pdf,,open PR has the taper periodisation defect: daily 2 6/7% applied to a same-period excess (7x under-taper); PR also adds a stray working file (.axiom/east-suffolk-ctr-wave11-checkpoint.txt)
E07000245,West Suffolk,uk-west-suffolk,ingested,,2026-09-05-west-suffolk-council-tax-reduction-2026-2027,C,https://www.angliarevenues.gov.uk/services/counciltax/reductions/what-is-ctax-reduction/upload/West-Suffolk-CTRS-26-27.pdf,,
E08000001,Bolton,uk-bolton,browser-case,,,,,,
E08000002,Bury,uk-bury,encoded,,2026-08-08-bury-council-tax-reduction-2026-2027,none,https://www.bury.gov.uk/asset-library/bury-cts-scheme-policy-2026-27.pdf,,
E08000003,Manchester,uk-manchester,browser-case,,,,https://www.manchester.gov.uk/__data/assets/pdf_file/0027/173655/CTS-MCCscheme-2026.27_Final.pdf,,
E08000004,Oldham,uk-oldham,encoded,,2026-08-08-oldham-council-tax-reduction-2026-2027,C,https://www.oldham.gov.uk/download/downloads/id/2632/council_tax_reduction_scheme_2025-26.pdf,https://committees.oldham.gov.uk/documents/g9604/Printed%20minutes%2004th-Mar-2026%2018.00%20Council.pdf?T=1 https://committees.oldham.gov.uk/documents/s155588/Council%20Tax%20Reduction%20Scheme%202026.27%20Final.pdf,taper periodisation defect on main: daily 2 6/7% applied to a same-period excess (see README); source is the 2025/26 scheme text with the 2026/27 cabinet report and council minutes
E08000005,Rochdale,uk-rochdale,browser-case,,,,,,
E08000006,Salford,uk-salford,encoded,,2026-08-03-salford-council-tax-reduction-2026-2027,A,https://www.salford.gov.uk/media/c3kpzx3b/salford-s13a-202627-scheme.pdf,,
E08000007,Stockport,uk-stockport,discovered-fetch-blocked,,,,https://www.stockport.gov.uk/council-tax-support-scheme,,
E08000008,Tameside,uk-tameside,encoded,,2026-08-08-tameside-council-tax-reduction-2026-2027,B,https://tameside.moderngov.co.uk/documents/s201802/Appendix.%202%20for%20Council%20Tax%20Support%20Scheme%202026-2027_v1.pdf,https://tameside.moderngov.co.uk/documents/s200333/Council%20Tax%20Support%20Scheme%202026-2027.pdf,
E08000009,Trafford,uk-trafford,browser-case,,,,,,
E08000010,Wigan,uk-wigan,encoded,,2026-08-03-wigan-council-tax-reduction-2026-2027,A,https://www.wigan.gov.uk/Docs/PDF/Resident/Council-Tax/Council-Tax-Reduction-scheme.pdf,,
E08000011,Knowsley,uk-knowsley,encoded,,2026-08-03-knowsley-council-tax-reduction-2026-2027,none,https://www.knowsley.gov.uk/sites/default/files/2026-03/CTRS%20-%20Appendix%20G%20-%2026-27.pdf,,
E08000012,Liverpool,uk-liverpool,continuation-needs-linkage,,,,https://liverpool.gov.uk/media/x2ic3tsh/council-tax-support-scheme-2025.pdf,,
E08000013,St. Helens,uk-st-helens,encoded,,2026-08-03-st-helens-council-tax-reduction-2026-2027,none,https://www.sthelens.gov.uk/media/13997/St-Helens-CTR-scheme-2026/pdf/St_Helens_CTR_scheme_2026.pdf?m=1774878418990,,
E08000014,Sefton,uk-sefton,encoded,,2026-08-03-sefton-council-tax-reduction-2026-2027,A,https://sefton.gov.uk/media/occbaemk/ctr-scheme-2026-27.pdf,,
E08000015,Wirral,uk-wirral,encoded,,2026-08-03-wirral-council-tax-reduction-2026-2027,B,https://www.wirral.gov.uk/files/wirral-ctr-s13a-2026-27-scheme.pdf/download?inline=,,
E08000017,Doncaster,uk-doncaster,browser-case,,,,https://www.doncaster.gov.uk/services/council-tax-benefits/what-is-local-council-tax-reduction,,
E08000018,Rotherham,uk-rotherham,ingested,,2026-09-05-rotherham-council-tax-reduction-2026-2027,C,https://www.rotherham.gov.uk/downloads/file/921/council-tax-support-scheme-2026-to-2027-pdf-,,
E08000021,Newcastle upon Tyne,uk-newcastle-upon-tyne,encoded,,2026-08-03-newcastle-upon-tyne-council-tax-reduction-2026-2027,A,https://new.newcastle.gov.uk/sites/default/files/2025-10/Newcastle%20City%20Council%20S13A%20202627%20DRAFT.pdf,,source file name says DRAFT (the text does not); confirm it is the adopted scheme
E08000022,North Tyneside,uk-north-tyneside,browser-case,,,,https://my.northtyneside.gov.uk/sites/default/files/web-page-related-files/Council%20Tax%20Support%20Scheme%202023-24_0.pdf,,
E08000023,South Tyneside,uk-south-tyneside,browser-case,,,,https://southtyneside.gov.uk/media/7344/South-Tyneside-Council-Council-Tax-reduction-scheme/pdf/South_Tyneside_S13A_202425_Scheme_FINAL.pdf?m=1708518715477,,
E08000024,Sunderland,uk-sunderland,discovered-summary-only,,,,https://www.sunderland.gov.uk/media/35728/2025-Council-Tax-Support-Regulations/pdf/2025_Council_Tax_Support_Regulations.pdf?ccp=true&m=1747217155113,,
E08000025,Birmingham,uk-birmingham,browser-case,,,,https://www.birmingham.gov.uk/downloads/file/967/council_tax_support_scheme,,
E08000026,Coventry,uk-coventry,encoded,,2026-07-21-coventry-council-tax-reduction-2026-2027,B,https://www.coventry.gov.uk/downloads/file/46761/council-tax-support-scheme-2026-to-2027,,
E08000027,Dudley,uk-dudley,encoded,,2026-08-06-dudley-council-tax-reduction-2026-2027,C,https://www.dudley.gov.uk/media/0tqgqii2/dudley-council-tax-reduction-scheme-202627.pdf,,
E08000028,Sandwell,uk-sandwell,encoded,,2026-08-06-sandwell-council-tax-reduction-2026-2027,B,https://www.sandwell.gov.uk/downloads/file/5387/local-council-tax-reduction-policy-2026-27,,
E08000029,Solihull,uk-solihull,encoded,,2026-08-03-solihull-council-tax-reduction-2026-2027,B,https://www.solihull.gov.uk/sites/default/files/2026-02/Council-Tax-Reduction-Scheme-2026-2027.pdf,,
E08000030,Walsall,uk-walsall,continuation-case,,,,https://go.walsall.gov.uk/sites/default/files/2025-04/Walsall%20S13A%20CTR%202025%20to%202026.pdf,,
E08000031,Wolverhampton,uk-wolverhampton,encoded,,2026-08-03-wolverhampton-council-tax-reduction-2026-2027,B,https://www.wolverhampton.gov.uk/sites/default/files/2026-04/Wolverhampton%20S13A%20Scheme%20202627%20FINAL.pdf,,
E08000032,Bradford,uk-bradford,amendment-case-ready,,,,https://www.bradford.gov.uk/media/popjjrcz/ctr-regulations.pdf,,
E08000033,Calderdale,uk-calderdale,browser-case,,,,https://new.calderdale.gov.uk/sites/default/files/2025-11/CT-reduction-scheme-2025.pdf,,
E08000034,Kirklees,uk-kirklees,discovered-prior-year,,,,https://democracy.kirklees.gov.uk/documents/s54654/2023-%2012%20-%2013%20CTR%20report%20to%20Council%20V2%2030.11.23.pdf,,
E08000035,Leeds,uk-leeds,encoded,,2026-08-08-leeds-council-tax-reduction-2026-2027,n/a (html),https://www.leeds.gov.uk/council-tax/discounts-and-exemptions/council-tax-support/local-council-tax-support-scheme-(universal-credit),,
E08000036,Wakefield,uk-wakefield,encoded,,2026-08-08-wakefield-council-tax-reduction-2026-2027,n/a (docx),https://www.wakefield.gov.uk/media/obth33hs/council-tax-support-scheme-working-age.docx,,draft PRs #269-#303 add per-block modules beside this module; decide the layout
E08000037,Gateshead,uk-gateshead,browser-case,,,,,,
E08000038,Barnsley,uk-barnsley,encoded,,2026-08-03-barnsley-council-tax-reduction-2026-2027,none,https://www.barnsley.gov.uk/media/xzwaqsza/barnsley-ctr-scheme-2026.pdf,,
E08000039,Sheffield,uk-sheffield,browser-case,,,,https://democracy.sheffield.gov.uk/documents/s80978/Form%202%20-%20Council%20Tax%20Reduction%20Scheme%20Review%202026%20-%2027.pdf,,
E09000001,City of London,uk-city-of-london,discovered-summary-only,,,,https://www.cityoflondon.gov.uk/services/housing-and-homelessness/housing-benefits/claiming-benefits-and-universal-credit,,
E09000002,Barking and Dagenham,uk-barking-and-dagenham,ingested,,2026-09-05-barking-and-dagenham-council-tax-reduction-2026-2027,n/a (docx),https://www.lbbd.gov.uk/sites/default/files/2026-04/Barking%20and%20Dagenham%20CTS%20scheme%202026-27.docx,,
E09000003,Barnet,uk-barnet,browser-case,,,,https://www.barnet.gov.uk/council-tax/discounts-exemptions-and-refunds/council-tax-support-low-income-benefits,,
E09000004,Bexley,uk-bexley,browser-case,,,,https://www.bexley.gov.uk/services/council-tax/council-tax-reduction-scheme/about-council-tax-reduction-scheme,,
E09000005,Brent,uk-brent,continuation-needs-linkage,,,,https://www.brent.gov.uk/council-tax/council-tax-support,,
E09000006,Bromley,uk-bromley,continuation-needs-linkage,,,,https://www.bromley.gov.uk/downloads/file/3849/local-council-tax-reduction-scheme-from-1-april-2025,,
E09000007,Camden,uk-camden,amendment-case,,,,,,
E09000008,Croydon,uk-croydon,browser-case,,,,https://www.croydon.gov.uk/sites/default/files/2024-03/croydon-cts-scheme-april-2024.pdf,,
E09000009,Ealing,uk-ealing,encoded,,2026-08-03-ealing-council-tax-reduction-2026-2027,short-doc,https://www.ealing.gov.uk/download/downloads/id/19657/council_tax_reduction_scheme_2026_to_2027.pdf,,
E09000010,Enfield,uk-enfield,browser-case,,,,https://www.enfield.gov.uk/__data/assets/pdf_file/0019/126262/Council-tax-reduction-scheme-2026-to-2027-Benefits-and-money-advice.pdf,,
E09000011,Greenwich,uk-greenwich,browser-case,,,,https://committees.royalgreenwich.gov.uk/mgCalendarMonthView.aspx?GL=1&bcr=1,,
E09000012,Hackney,uk-hackney,discovered-summary-only,,,,https://docs.google.com/document/d/11_HqjTj33Mm0ZQ3VUv4ZJMM9EK8bq76mHG6S_5yTND0/edit?usp=sharing,,
E09000013,Hammersmith and Fulham,uk-hammersmith-and-fulham,browser-case,,,,https://democracy.lbhf.gov.uk/documents/s133556/Council+Tax+Support+Scheme+2026-27.pdf,,
E09000014,Haringey,uk-haringey,ingested,,2026-09-05-haringey-council-tax-reduction-2026-2027,D,https://haringey.gov.uk/sites/default/files/2026-04/london-borough-of-haringey-council-tax-reduction-scheme-2026-2027.pdf,,
E09000015,Harrow,uk-harrow,encoded,,2026-08-03-harrow-council-tax-reduction-2026-2027,C,https://www.harrow.gov.uk/downloads/file/33606/council-tax-support-scheme-2026-27,,
E09000016,Havering,uk-havering,discovered-summary-only,,,,https://democracy.havering.gov.uk/documents/s82449/Budget+8+-+Appendix+H++Summary+of+the+Council+Tax+Support+Scheme+2026-27.pdf,,
E09000017,Hillingdon,uk-hillingdon,encoded,,2026-08-03-hillingdon-council-tax-reduction-2026-2027,C,https://pre.hillingdon.gov.uk/downloads/file/8/working-age-scheme-rules,,
E09000018,Hounslow,uk-hounslow,amendment-case-ready,,,,https://www.hounslow.gov.uk/downloads/file/11485/hounslow-council-tax-reduction-scheme-2025-to-2027,,
E09000019,Islington,uk-islington,discovered-fetch-blocked,,,,https://www.islington.gov.uk/~/media/sharepoint-lists/public-records/finance/information/adviceandinformation/20242025/islington-council-tax-support-scheme-2026-2027.pdf,,
E09000020,Kensington and Chelsea,uk-kensington-and-chelsea,encoded,,2026-08-03-kensington-and-chelsea-council-tax-reduction-2026-2027,D,https://www.rbkc.gov.uk/media/document/royal-borough-of-kensington-and-chelsea-council-tax-reduction-scheme-2026,,
E09000021,Kingston upon Thames,uk-kingston-upon-thames,encoded,,2026-06-07-kingston-council-tax-reduction-2026-2027,D,https://www.kingston.gov.uk/sites/default/files/2026-03/Council%20Tax%20Reduction%20Scheme%202026%20-%202027.pdf,,
E09000022,Lambeth,uk-lambeth,discovered-summary-only,,,,https://moderngov.lambeth.gov.uk/documents/s174197/Appendix%2003%20-%20Council%20Tax%20Support%20Scheme%202026-27.pdf,,
E09000023,Lewisham,uk-lewisham,browser-case,,,,https://lewisham.gov.uk/-/media/services/council-tax/lewisham-council-tax-reduction-scheme-2024-2025.pdf,,
E09000024,Merton,uk-merton,encoded,,2026-07-19-merton-council-tax-reduction-2026-2027,C,https://www.merton.gov.uk/sites/default/files/2026-03/Council%20Tax%20Reduction%20Scheme%20L%20B%20Merton%202026-27.pdf,,
E09000025,Newham,uk-newham,encoded,,2026-07-19-newham-council-tax-reduction-2026-2027,C,https://www.newham.gov.uk/downloads/file/10753/council-tax-reduction-scheme-2026,,
E09000026,Redbridge,uk-redbridge,encoded,,2026-08-03-redbridge-council-tax-reduction-2026-2027,D,https://www.redbridge.gov.uk/media/frbd0rgm/council-tax-reduction-scheme-2026-2027-full-scheme.pdf,,
E09000027,Richmond upon Thames,uk-richmond-upon-thames,continuation-needs-linkage,,,,https://www.richmond.gov.uk/media/jbkhgpbu/council_tax_reduction_scheme_rules_2026.pdf,,
E09000028,Southwark,uk-southwark,continuation-ready,,,,https://moderngov.southwark.gov.uk/documents/s130576/Report%20Council%20Tax%20Base%202026-27.pdf,,
E09000029,Sutton,uk-sutton,discovered-fetch-blocked,,,,https://www.sutton.gov.uk/sites/default/files/2026-04/Council%20Tax%20Reduction%20Scheme%20%28London%20Borough%20of%20Sutton%29%202026-2027.pdf,,
E09000030,Tower Hamlets,uk-tower-hamlets,browser-case,,,,https://democracy.towerhamlets.gov.uk/documents/s268186/Annex%202%20-%20Budget%20Report%202026-29%20and%20MTFS%202026-29%20-%20Final.pdf,,
E09000031,Waltham Forest,uk-waltham-forest,continuation-ready,,,,https://www.walthamforest.gov.uk/sites/default/files/2026-05/CTS%20Scheme%20WorkingAge_2026W%20%281%29.pdf,,
E09000032,Wandsworth,uk-wandsworth,discovered-prior-year,,,,https://www.wandsworth.gov.uk/media/wbld4ptm/wandsworth_council_tax_reduction_scheme_2025.pdf,,
E09000033,Westminster,uk-westminster,encoded,,2026-07-19-westminster-council-tax-reduction-2026-2027,short-doc,https://www.westminster.gov.uk/sites/default/files/media/documents/council-tax-support-scheme-for-2026-27.pdf,,
